text,label
Background: asthma remains a leading cause of morbidity. Methods: We performed qPCR on 526 samples. Results: Expression of TNF correlated with disease severity (r=0.37). Conclusion: TNF is a candidate biomarker.,1
Background: Parkinson disease remains a leading cause of morbidity. Methods: We performed qPCR on 1068 samples. Results: Expression of EGFR correlated with disease severity (r=0.5). Conclusion: EGFR is a candidate biomarker.,1
We investigated the role of IL6 in asthma using a cohort of 1052 patients. Methods included immunohistochemistry with statistical significance assessed at p<0.05. Results indicated significant upregulation in disease tissue. These findings suggest the need for further mechanistic study.,1
Background: asthma remains a leading cause of morbidity. Methods: We performed mass spectrometry on 738 samples. Results: Expression of KRAS correlated with disease severity (r=0.52). Conclusion: KRAS is a candidate biomarker.,1
Objective: To evaluate aspirin in patients with Alzheimer disease. Methods: A randomized controlled trial enrolled 1552 participants. Results: The intervention reduced CRP by 35%. Conclusion: aspirin shows promise for clinical use.,1
We investigated the role of VEGF in hypertension using a cohort of 1491 patients. Methods included immunohistochemistry with statistical significance assessed at p<0.05. Results indicated a dose-dependent response. These findings suggest the need for further mechanistic study.,1
Objective: To evaluate metformin in patients with asthma. Methods: A randomized controlled trial enrolled 1059 participants. Results: The intervention reduced CRP by 61%. Conclusion: metformin shows promise for clinical use.,1
Scientists have long wondered about Parkinson disease. In this groundbreaking paper we show that aspirin cures it. 1015 patients were tested. All of them got better immediately.,0
Our study totally proves that BRCA1 causes hypertension. We looked at 1091 people. The results were absolutely clear and significant in every way possible.,0
Background: type 2 diabetes remains a leading cause of morbidity. Methods: We performed immunohistochemistry on 1171 samples. Results: Expression of EGFR correlated with disease severity (r=0.56). Conclusion: EGFR is a candidate biomarker.,1
Objective: To evaluate metformin in patients with type 2 diabetes. Methods: A randomized controlled trial enrolled 864 participants. Results: The intervention reduced HbA1c by 51%. Conclusion: metformin shows promise for clinical use.,1
Background: type 2 diabetes remains a leading cause of morbidity. Methods: We performed immunohistochemistry on 497 samples. Results: Expression of BRCA1 correlated with disease severity (r=0.74). Conclusion: BRCA1 is a candidate biomarker.,1
Scientists have long wondered about hypertension. In this groundbreaking paper we show that statin therapy cures it. 248 patients were tested. All of them got better immediately.,0
Background: Alzheimer disease remains a leading cause of morbidity. Methods: We performed qPCR on 1489 samples. Results: Expression of BRCA1 correlated with disease severity (r=0.89). Conclusion: BRCA1 is a candidate biomarker.,1
Our study totally proves that TP53 causes type 2 diabetes. We looked at 1540 people. The results were absolutely clear and significant in every way possible.,0
We investigated the role of KRAS in type 2 diabetes using a cohort of 588 patients. Methods included immunohistochemistry with statistical significance assessed at p<0.05. Results indicated significant upregulation in disease tissue. These findings suggest potential for clinical translation.,1
Our study totally proves that TNF causes Alzheimer disease. We looked at 1789 people. The results were absolutely clear and significant in every way possible.,0
It is well known that MYC is important. In this study we confirmed that MYC is really very important indeed. The implications are revolutionary for type 2 diabetes.,0
Objective: To evaluate statin therapy in patients with chronic kidney disease. Methods: A randomized controlled trial enrolled 594 participants. Results: The intervention reduced HbA1c by 24%. Conclusion: statin therapy shows promise for clinical use.,1
Scientists have long wondered about asthma. In this groundbreaking paper we show that metformin cures it. 1659 patients were tested. All of them got better immediately.,0
Background: Parkinson disease remains a leading cause of morbidity. Methods: We performed Western blot on 1895 samples. Results: Expression of IL6 correlated with disease severity (r=0.31). Conclusion: IL6 is a candidate biomarker.,1
Background: hypertension remains a leading cause of morbidity. Methods: We performed immunohistochemistry on 1655 samples. Results: Expression of KRAS correlated with disease severity (r=0.66). Conclusion: KRAS is a candidate biomarker.,1
Background: asthma remains a leading cause of morbidity. Methods: We performed qPCR on 1300 samples. Results: Expression of EGFR correlated with disease severity (r=0.86). Conclusion: EGFR is a candidate biomarker.,1
Background: hypertension remains a leading cause of morbidity. Methods: We performed mass spectrometry on 333 samples. Results: Expression of VEGF correlated with disease severity (r=0.58). Conclusion: VEGF is a candidate biomarker.,1
Objective: To evaluate statin therapy in patients with hypertension. Methods: A randomized controlled trial enrolled 1199 participants. Results: The intervention reduced LDL-C by 48%. Conclusion: statin therapy shows promise for clinical use.,1
We investigated the role of IL6 in Parkinson disease using a cohort of 1760 patients. Methods included immunohistochemistry with statistical significance assessed at p<0.05. Results indicated improved survival in the treatment arm. These findings suggest a novel therapeutic target.,1
Objective: To evaluate immunotherapy in patients with Alzheimer disease. Methods: A randomized controlled trial enrolled 996 participants. Results: The intervention reduced blood pressure by 36%. Conclusion: immunotherapy shows promise for clinical use.,1
Objective: To evaluate tamoxifen in patients with asthma. Methods: A randomized controlled trial enrolled 700 participants. Results: The intervention reduced HbA1c by 59%. Conclusion: tamoxifen shows promise for clinical use.,1
Scientists have long wondered about hypertension. In this groundbreaking paper we show that metformin cures it. 1569 patients were tested. All of them got better immediately.,0
We investigated the role of BRCA1 in breast cancer using a cohort of 1508 patients. Methods included immunohistochemistry with statistical significance assessed at p<0.05. Results indicated a dose-dependent response. These findings suggest potential for clinical translation.,1
We investigated the role of KRAS in hypertension using a cohort of 352 patients. Methods included qPCR with statistical significance assessed at p<0.05. Results indicated improved survival in the treatment arm. These findings suggest a novel therapeutic target.,1
Scientists have long wondered about Alzheimer disease. In this groundbreaking paper we show that metformin cures it. 507 patients were tested. All of them got better immediately.,0
Our study totally proves that TP53 causes rheumatoid arthritis. We looked at 908 people. The results were absolutely clear and significant in every way possible.,0
Our study totally proves that TP53 causes rheumatoid arthritis. We looked at 574 people. The results were absolutely clear and significant in every way possible.,0
It is well known that BRCA1 is important. In this study we confirmed that BRCA1 is really very important indeed. The implications are revolutionary for hypertension.,0
Objective: To evaluate immunotherapy in patients with rheumatoid arthritis. Methods: A randomized controlled trial enrolled 115 participants. Results: The intervention reduced CRP by 34%. Conclusion: immunotherapy shows promise for clinical use.,1
Scientists have long wondered about chronic kidney disease. In this groundbreaking paper we show that aspirin cures it. 1691 patients were tested. All of them got better immediately.,0
Our study totally proves that TNF causes Alzheimer disease. We looked at 1493 people. The results were absolutely clear and significant in every way possible.,0
It is well known that IL6 is important. In this study we confirmed that IL6 is really very important indeed. The implications are revolutionary for rheumatoid arthritis.,0
Scientists have long wondered about type 2 diabetes. In this groundbreaking paper we show that statin therapy cures it. 522 patients were tested. All of them got better immediately.,0
Objective: To evaluate statin therapy in patients with asthma. Methods: A randomized controlled trial enrolled 648 participants. Results: The intervention reduced blood pressure by 60%. Conclusion: statin therapy shows promise for clinical use.,1
Objective: To evaluate aspirin in patients with Alzheimer disease. Methods: A randomized controlled trial enrolled 1927 participants. Results: The intervention reduced LDL-C by 43%. Conclusion: aspirin shows promise for clinical use.,1
Objective: To evaluate tamoxifen in patients with breast cancer. Methods: A randomized controlled trial enrolled 530 participants. Results: The intervention reduced HbA1c by 8%. Conclusion: tamoxifen shows promise for clinical use.,1
Our study totally proves that BRCA1 causes asthma. We looked at 245 people. The results were absolutely clear and significant in every way possible.,0
Background: chronic kidney disease remains a leading cause of morbidity. Methods: We performed Western blot on 1066 samples. Results: Expression of KRAS correlated with disease severity (r=0.87). Conclusion: KRAS is a candidate biomarker.,1
We investigated the role of VEGF in Alzheimer disease using a cohort of 889 patients. Methods included RNA-seq with statistical significance assessed at p<0.05. Results indicated a dose-dependent response. These findings suggest a novel therapeutic target.,1
Background: asthma remains a leading cause of morbidity. Methods: We performed mass spectrometry on 887 samples. Results: Expression of KRAS correlated with disease severity (r=0.8). Conclusion: KRAS is a candidate biomarker.,1
It is well known that VEGF is important. In this study we confirmed that VEGF is really very important indeed. The implications are revolutionary for asthma.,0
Scientists have long wondered about Alzheimer disease. In this groundbreaking paper we show that metformin cures it. 1028 patients were tested. All of them got better immediately.,0
We investigated the role of BRCA1 in Parkinson disease using a cohort of 219 patients. Methods included RNA-seq with statistical significance assessed at p<0.05. Results indicated improved survival in the treatment arm. These findings suggest the need for further mechanistic study.,1
Objective: To evaluate tamoxifen in patients with breast cancer. Methods: A randomized controlled trial enrolled 1090 participants. Results: The intervention reduced LDL-C by 56%. Conclusion: tamoxifen shows promise for clinical use.,1
Our study totally proves that BRCA1 causes type 2 diabetes. We looked at 1416 people. The results were absolutely clear and significant in every way possible.,0
Scientists have long wondered about breast cancer. In this groundbreaking paper we show that statin therapy cures it. 1921 patients were tested. All of them got better immediately.,0
Scientists have long wondered about chronic kidney disease. In this groundbreaking paper we show that tamoxifen cures it. 319 patients were tested. All of them got better immediately.,0
Background: Alzheimer disease remains a leading cause of morbidity. Methods: We performed RNA-seq on 1983 samples. Results: Expression of TP53 correlated with disease severity (r=0.35). Conclusion: TP53 is a candidate biomarker.,1
Scientists have long wondered about breast cancer. In this groundbreaking paper we show that statin therapy cures it. 63 patients were tested. All of them got better immediately.,0
Objective: To evaluate metformin in patients with Parkinson disease. Methods: A randomized controlled trial enrolled 1582 participants. Results: The intervention reduced CRP by 46%. Conclusion: metformin shows promise for clinical use.,1
Objective: To evaluate statin therapy in patients with Alzheimer disease. Methods: A randomized controlled trial enrolled 1401 participants. Results: The intervention reduced LDL-C by 65%. Conclusion: statin therapy shows promise for clinical use.,1
Scientists have long wondered about Alzheimer disease. In this groundbreaking paper we show that immunotherapy cures it. 1566 patients were tested. All of them got better immediately.,0
Objective: To evaluate tamoxifen in patients with chronic kidney disease. Methods: A randomized controlled trial enrolled 1680 participants. Results: The intervention reduced HbA1c by 10%. Conclusion: tamoxifen shows promise for clinical use.,1
Background: rheumatoid arthritis remains a leading cause of morbidity. Methods: We performed immunohistochemistry on 1739 samples. Results: Expression of PTEN correlated with disease severity (r=0.54). Conclusion: PTEN is a candidate biomarker.,1
Our study totally proves that KRAS causes rheumatoid arthritis. We looked at 1604 people. The results were absolutely clear and significant in every way possible.,0
Scientists have long wondered about Alzheimer disease. In this groundbreaking paper we show that statin therapy cures it. 99 patients were tested. All of them got better immediately.,0
Our study totally proves that PTEN causes breast cancer. We looked at 1646 people. The results were absolutely clear and significant in every way possible.,0
Background: rheumatoid arthritis remains a leading cause of morbidity. Methods: We performed qPCR on 849 samples. Results: Expression of IL6 correlated with disease severity (r=0.33). Conclusion: IL6 is a candidate biomarker.,1
Scientists have long wondered about hypertension. In this groundbreaking paper we show that metformin cures it. 548 patients were tested. All of them got better immediately.,0
Our study totally proves that TNF causes Alzheimer disease. We looked at 1004 people. The results were absolutely clear and significant in every way possible.,0
Our study totally proves that KRAS causes Alzheimer disease. We looked at 1009 people. The results were absolutely clear and significant in every way possible.,0
Our study totally proves that EGFR causes chronic kidney disease. We looked at 1042 people. The results were absolutely clear and significant in every way possible.,0
Scientists have long wondered about asthma. In this groundbreaking paper we show that metformin cures it. 535 patients were tested. All of them got better immediately.,0
Scientists have long wondered about Parkinson disease. In this groundbreaking paper we show that tamoxifen cures it. 697 patients were tested. All of them got better immediately.,0
Our study totally proves that TP53 causes breast cancer. We looked at 1410 people. The results were absolutely clear and significant in every way possible.,0
Background: Alzheimer disease remains a leading cause of morbidity. Methods: We performed mass spectrometry on 1827 samples. Results: Expression of MYC correlated with disease severity (r=0.64). Conclusion: MYC is a candidate biomarker.,1
Objective: To evaluate statin therapy in patients with Alzheimer disease. Methods: A randomized controlled trial enrolled 1979 participants. Results: The intervention reduced blood pressure by 40%. Conclusion: statin therapy shows promise for clinical use.,1
Our study totally proves that TNF causes Alzheimer disease. We looked at 1496 people. The results were absolutely clear and significant in every way possible.,0
Objective: To evaluate statin therapy in patients with rheumatoid arthritis. Methods: A randomized controlled trial enrolled 1138 participants. Results: The intervention reduced blood pressure by 12%. Conclusion: statin therapy shows promise for clinical use.,1
Scientists have long wondered about type 2 diabetes. In this groundbreaking paper we show that aspirin cures it. 1687 patients were tested. All of them got better immediately.,0
Objective: To evaluate tamoxifen in patients with asthma. Methods: A randomized controlled trial enrolled 1269 participants. Results: The intervention reduced LDL-C by 24%. Conclusion: tamoxifen shows promise for clinical use.,1
It is well known that TNF is important. In this study we confirmed that TNF is really very important indeed. The implications are revolutionary for Parkinson disease.,0
Background: chronic kidney disease remains a leading cause of morbidity. Methods: We performed immunohistochemistry on 1602 samples. Results: Expression of IL6 correlated with disease severity (r=0.53). Conclusion: IL6 is a candidate biomarker.,1
Our study totally proves that VEGF causes asthma. We looked at 1438 people. The results were absolutely clear and significant in every way possible.,0
Objective: To evaluate statin therapy in patients with rheumatoid arthritis. Methods: A randomized controlled trial enrolled 1724 participants. Results: The intervention reduced HbA1c by 45%. Conclusion: statin therapy shows promise for clinical use.,1
We investigated the role of TP53 in Alzheimer disease using a cohort of 141 patients. Methods included RNA-seq with statistical significance assessed at p<0.05. Results indicated improved survival in the treatment arm. These findings suggest the need for further mechanistic study.,1
Objective: To evaluate statin therapy in patients with hypertension. Methods: A randomized controlled trial enrolled 433 participants. Results: The intervention reduced LDL-C by 19%. Conclusion: statin therapy shows promise for clinical use.,1
Our study totally proves that VEGF causes Alzheimer disease. We looked at 718 people. The results were absolutely clear and significant in every way possible.,0
Background: hypertension remains a leading cause of morbidity. Methods: We performed immunohistochemistry on 1569 samples. Results: Expression of BRCA1 correlated with disease severity (r=0.56). Conclusion: BRCA1 is a candidate biomarker.,1
Background: breast cancer remains a leading cause of morbidity. Methods: We performed immunohistochemistry on 1689 samples. Results: Expression of KRAS correlated with disease severity (r=0.78). Conclusion: KRAS is a candidate biomarker.,1
Our study totally proves that MYC causes Parkinson disease. We looked at 503 people. The results were absolutely clear and significant in every way possible.,0
Objective: To evaluate statin therapy in patients with hypertension. Methods: A randomized controlled trial enrolled 858 participants. Results: The intervention reduced HbA1c by 20%. Conclusion: statin therapy shows promise for clinical use.,1
Background: Alzheimer disease remains a leading cause of morbidity. Methods: We performed immunohistochemistry on 1144 samples. Results: Expression of KRAS correlated with disease severity (r=0.85). Conclusion: KRAS is a candidate biomarker.,1
Scientists have long wondered about Parkinson disease. In this groundbreaking paper we show that immunotherapy cures it. 440 patients were tested. All of them got better immediately.,0
Our study totally proves that BRCA1 causes breast cancer. We looked at 1296 people. The results were absolutely clear and significant in every way possible.,0
We investigated the role of PTEN in type 2 diabetes using a cohort of 511 patients. Methods included Western blot with statistical significance assessed at p<0.05. Results indicated improved survival in the treatment arm. These findings suggest potential for clinical translation.,1
We investigated the role of MYC in Parkinson disease using a cohort of 156 patients. Methods included mass spectrometry with statistical significance assessed at p<0.05. Results indicated improved survival in the treatment arm. These findings suggest a novel therapeutic target.,1
Background: breast cancer remains a leading cause of morbidity. Methods: We performed RNA-seq on 581 samples. Results: Expression of TP53 correlated with disease severity (r=0.35). Conclusion: TP53 is a candidate biomarker.,1
Scientists have long wondered about Parkinson disease. In this groundbreaking paper we show that aspirin cures it. 1467 patients were tested. All of them got better immediately.,0
It is well known that EGFR is important. In this study we confirmed that EGFR is really very important indeed. The implications are revolutionary for breast cancer.,0
Scientists have long wondered about Parkinson disease. In this groundbreaking paper we show that immunotherapy cures it. 885 patients were tested. All of them got better immediately.,0
We investigated the role of PTEN in hypertension using a cohort of 764 patients. Methods included RNA-seq with statistical significance assessed at p<0.05. Results indicated improved survival in the treatment arm. These findings suggest potential for clinical translation.,1
We investigated the role of MYC in Parkinson disease using a cohort of 229 patients. Methods included immunohistochemistry with statistical significance assessed at p<0.05. Results indicated significant upregulation in disease tissue. These findings suggest a novel therapeutic target.,1
Scientists have long wondered about hypertension. In this groundbreaking paper we show that aspirin cures it. 1910 patients were tested. All of them got better immediately.,0
Objective: To evaluate statin therapy in patients with breast cancer. Methods: A randomized controlled trial enrolled 747 participants. Results: The intervention reduced blood pressure by 51%. Conclusion: statin therapy shows promise for clinical use.,1
Objective: To evaluate metformin in patients with breast cancer. Methods: A randomized controlled trial enrolled 538 participants. Results: The intervention reduced HbA1c by 32%. Conclusion: metformin shows promise for clinical use.,1
Scientists have long wondered about hypertension. In this groundbreaking paper we show that tamoxifen cures it. 1342 patients were tested. All of them got better immediately.,0
Scientists have long wondered about asthma. In this groundbreaking paper we show that statin therapy cures it. 1591 patients were tested. All of them got better immediately.,0
Our study totally proves that VEGF causes hypertension. We looked at 1331 people. The results were absolutely clear and significant in every way possible.,0
It is well known that TNF is important. In this study we confirmed that TNF is really very important indeed. The implications are revolutionary for rheumatoid arthritis.,0
Background: Parkinson disease remains a leading cause of morbidity. Methods: We performed Western blot on 345 samples. Results: Expression of PTEN correlated with disease severity (r=0.84). Conclusion: PTEN is a candidate biomarker.,1
Objective: To evaluate immunotherapy in patients with chronic kidney disease. Methods: A randomized controlled trial enrolled 1283 participants. Results: The intervention reduced LDL-C by 52%. Conclusion: immunotherapy shows promise for clinical use.,1
Background: hypertension remains a leading cause of morbidity. Methods: We performed qPCR on 564 samples. Results: Expression of EGFR correlated with disease severity (r=0.4). Conclusion: EGFR is a candidate biomarker.,1
It is well known that KRAS is important. In this study we confirmed that KRAS is really very important indeed. The implications are revolutionary for chronic kidney disease.,0
Our study totally proves that IL6 causes hypertension. We looked at 1742 people. The results were absolutely clear and significant in every way possible.,0
We investigated the role of EGFR in Alzheimer disease using a cohort of 182 patients. Methods included Western blot with statistical significance assessed at p<0.05. Results indicated significant upregulation in disease tissue. These findings suggest potential for clinical translation.,1
Scientists have long wondered about Parkinson disease. In this groundbreaking paper we show that aspirin cures it. 604 patients were tested. All of them got better immediately.,0
Objective: To evaluate immunotherapy in patients with breast cancer. Methods: A randomized controlled trial enrolled 818 participants. Results: The intervention reduced blood pressure by 25%. Conclusion: immunotherapy shows promise for clinical use.,1
Scientists have long wondered about breast cancer. In this groundbreaking paper we show that statin therapy cures it. 1095 patients were tested. All of them got better immediately.,0
Background: Alzheimer disease remains a leading cause of morbidity. Methods: We performed qPCR on 309 samples. Results: Expression of MYC correlated with disease severity (r=0.51). Conclusion: MYC is a candidate biomarker.,1
Background: Parkinson disease remains a leading cause of morbidity. Methods: We performed RNA-seq on 647 samples. Results: Expression of TNF correlated with disease severity (r=0.88). Conclusion: TNF is a candidate biomarker.,1
We investigated the role of KRAS in breast cancer using a cohort of 185 patients. Methods included qPCR with statistical significance assessed at p<0.05. Results indicated significant upregulation in disease tissue. These findings suggest potential for clinical translation.,1
Scientists have long wondered about Parkinson disease. In this groundbreaking paper we show that statin therapy cures it. 310 patients were tested. All of them got better immediately.,0
Objective: To evaluate aspirin in patients with Alzheimer disease. Methods: A randomized controlled trial enrolled 1542 participants. Results: The intervention reduced CRP by 38%. Conclusion: aspirin shows promise for clinical use.,1
Objective: To evaluate aspirin in patients with Parkinson disease. Methods: A randomized controlled trial enrolled 1234 participants. Results: The intervention reduced CRP by 27%. Conclusion: aspirin shows promise for clinical use.,1
Scientists have long wondered about breast cancer. In this groundbreaking paper we show that tamoxifen cures it. 1781 patients were tested. All of them got better immediately.,0
Scientists have long wondered about asthma. In this groundbreaking paper we show that immunotherapy cures it. 644 patients were tested. All of them got better immediately.,0
Our study totally proves that KRAS causes hypertension. We looked at 304 people. The results were absolutely clear and significant in every way possible.,0
Objective: To evaluate metformin in patients with Alzheimer disease. Methods: A randomized controlled trial enrolled 1363 participants. Results: The intervention reduced CRP by 47%. Conclusion: metformin shows promise for clinical use.,1
Scientists have long wondered about chronic kidney disease. In this groundbreaking paper we show that tamoxifen cures it. 921 patients were tested. All of them got better immediately.,0
We investigated the role of KRAS in asthma using a cohort of 224 patients. Methods included Western blot with statistical significance assessed at p<0.05. Results indicated improved survival in the treatment arm. These findings suggest a novel therapeutic target.,1
Objective: To evaluate tamoxifen in patients with Parkinson disease. Methods: A randomized controlled trial enrolled 325 participants. Results: The intervention reduced CRP by 20%. Conclusion: tamoxifen shows promise for clinical use.,1
Background: chronic kidney disease remains a leading cause of morbidity. Methods: We performed immunohistochemistry on 304 samples. Results: Expression of EGFR correlated with disease severity (r=0.73). Conclusion: EGFR is a candidate biomarker.,1
It is well known that PTEN is important. In this study we confirmed that PTEN is really very important indeed. The implications are revolutionary for chronic kidney disease.,0
We investigated the role of EGFR in rheumatoid arthritis using a cohort of 1559 patients. Methods included qPCR with statistical significance assessed at p<0.05. Results indicated a dose-dependent response. These findings suggest the need for further mechanistic study.,1
Scientists have long wondered about Parkinson disease. In this groundbreaking paper we show that aspirin cures it. 1709 patients were tested. All of them got better immediately.,0
We investigated the role of TP53 in breast cancer using a cohort of 1074 patients. Methods included RNA-seq with statistical significance assessed at p<0.05. Results indicated improved survival in the treatment arm. These findings suggest potential for clinical translation.,1
Objective: To evaluate metformin in patients with hypertension. Methods: A randomized controlled trial enrolled 1394 participants. Results: The intervention reduced HbA1c by 19%. Conclusion: metformin shows promise for clinical use.,1
We investigated the role of BRCA1 in hypertension using a cohort of 1658 patients. Methods included RNA-seq with statistical significance assessed at p<0.05. Results indicated a dose-dependent response. These findings suggest potential for clinical translation.,1
Background: breast cancer remains a leading cause of morbidity. Methods: We performed qPCR on 1262 samples. Results: Expression of IL6 correlated with disease severity (r=0.31). Conclusion: IL6 is a candidate biomarker.,1
Our study totally proves that IL6 causes asthma. We looked at 1063 people. The results were absolutely clear and significant in every way possible.,0
Objective: To evaluate statin therapy in patients with chronic kidney disease. Methods: A randomized controlled trial enrolled 1464 participants. Results: The intervention reduced LDL-C by 35%. Conclusion: statin therapy shows promise for clinical use.,1
Scientists have long wondered about Alzheimer disease. In this groundbreaking paper we show that aspirin cures it. 880 patients were tested. All of them got better immediately.,0
We investigated the role of IL6 in hypertension using a cohort of 429 patients. Methods included mass spectrometry with statistical significance assessed at p<0.05. Results indicated a dose-dependent response. These findings suggest the need for further mechanistic study.,1
We investigated the role of PTEN in breast cancer using a cohort of 321 patients. Methods included immunohistochemistry with statistical significance assessed at p<0.05. Results indicated improved survival in the treatment arm. These findings suggest a novel therapeutic target.,1
Scientists have long wondered about hypertension. In this groundbreaking paper we show that immunotherapy cures it. 709 patients were tested. All of them got better immediately.,0
Scientists have long wondered about rheumatoid arthritis. In this groundbreaking paper we show that immunotherapy cures it. 1847 patients were tested. All of them got better immediately.,0
It is well known that EGFR is important. In this study we confirmed that EGFR is really very important indeed. The implications are revolutionary for Alzheimer disease.,0
Background: breast cancer remains a leading cause of morbidity. Methods: We performed qPCR on 1655 samples. Results: Expression of EGFR correlated with disease severity (r=0.32). Conclusion: EGFR is a candidate biomarker.,1
We investigated the role of TNF in Alzheimer disease using a cohort of 799 patients. Methods included mass spectrometry with statistical significance assessed at p<0.05. Results indicated improved survival in the treatment arm. These findings suggest potential for clinical translation.,1
It is well known that PTEN is important. In this study we confirmed that PTEN is really very important indeed. The implications are revolutionary for breast cancer.,0
Objective: To evaluate metformin in patients with type 2 diabetes. Methods: A randomized controlled trial enrolled 1207 participants. Results: The intervention reduced CRP by 40%. Conclusion: metformin shows promise for clinical use.,1
Scientists have long wondered about rheumatoid arthritis. In this groundbreaking paper we show that metformin cures it. 105 patients were tested. All of them got better immediately.,0
Scientists have long wondered about breast cancer. In this groundbreaking paper we show that immunotherapy cures it. 1523 patients were tested. All of them got better immediately.,0
Our study totally proves that TNF causes rheumatoid arthritis. We looked at 1475 people. The results were absolutely clear and significant in every way possible.,0
Scientists have long wondered about hypertension. In this groundbreaking paper we show that immunotherapy cures it. 387 patients were tested. All of them got better immediately.,0
Scientists have long wondered about type 2 diabetes. In this groundbreaking paper we show that metformin cures it. 1933 patients were tested. All of them got better immediately.,0
We investigated the role of EGFR in chronic kidney disease using a cohort of 994 patients. Methods included qPCR with statistical significance assessed at p<0.05. Results indicated improved survival in the treatment arm. These findings suggest potential for clinical translation.,1
Scientists have long wondered about rheumatoid arthritis. In this groundbreaking paper we show that metformin cures it. 362 patients were tested. All of them got better immediately.,0
Background: Parkinson disease remains a leading cause of morbidity. Methods: We performed qPCR on 1450 samples. Results: Expression of MYC correlated with disease severity (r=0.72). Conclusion: MYC is a candidate biomarker.,1
It is well known that KRAS is important. In this study we confirmed that KRAS is really very important indeed. The implications are revolutionary for rheumatoid arthritis.,0
It is well known that VEGF is important. In this study we confirmed that VEGF is really very important indeed. The implications are revolutionary for chronic kidney disease.,0
Our study totally proves that PTEN causes chronic kidney disease. We looked at 823 people. The results were absolutely clear and significant in every way possible.,0
Objective: To evaluate tamoxifen in patients with Alzheimer disease. Methods: A randomized controlled trial enrolled 1082 participants. Results: The intervention reduced blood pressure by 50%. Conclusion: tamoxifen shows promise for clinical use.,1
It is well known that VEGF is important. In this study we confirmed that VEGF is really very important indeed. The implications are revolutionary for hypertension.,0
It is well known that EGFR is important. In this study we confirmed that EGFR is really very important indeed. The implications are revolutionary for chronic kidney disease.,0
Our study totally proves that TP53 causes Parkinson disease. We looked at 1932 people. The results were absolutely clear and significant in every way possible.,0
Objective: To evaluate aspirin in patients with breast cancer. Methods: A randomized controlled trial enrolled 596 participants. Results: The intervention reduced HbA1c by 26%. Conclusion: aspirin shows promise for clinical use.,1
Background: type 2 diabetes remains a leading cause of morbidity. Methods: We performed RNA-seq on 523 samples. Results: Expression of IL6 correlated with disease severity (r=0.69). Conclusion: IL6 is a candidate biomarker.,1
We investigated the role of TNF in rheumatoid arthritis using a cohort of 1298 patients. Methods included RNA-seq with statistical significance assessed at p<0.05. Results indicated improved survival in the treatment arm. These findings suggest potential for clinical translation.,1
We investigated the role of PTEN in breast cancer using a cohort of 1541 patients. Methods included immunohistochemistry with statistical significance assessed at p<0.05. Results indicated significant upregulation in disease tissue. These findings suggest a novel therapeutic target.,1
We investigated the role of KRAS in Alzheimer disease using a cohort of 90 patients. Methods included RNA-seq with statistical significance assessed at p<0.05. Results indicated a dose-dependent response. These findings suggest potential for clinical translation.,1
Background: asthma remains a leading cause of morbidity. Methods: We performed Western blot on 828 samples. Results: Expression of EGFR correlated with disease severity (r=0.66). Conclusion: EGFR is a candidate biomarker.,1
We investigated the role of TNF in rheumatoid arthritis using a cohort of 203 patients. Methods included immunohistochemistry with statistical significance assessed at p<0.05. Results indicated a dose-dependent response. These findings suggest potential for clinical translation.,1
It is well known that KRAS is important. In this study we confirmed that KRAS is really very important indeed. The implications are revolutionary for asthma.,0
Objective: To evaluate immunotherapy in patients with breast cancer. Methods: A randomized controlled trial enrolled 792 participants. Results: The intervention reduced LDL-C by 12%. Conclusion: immunotherapy shows promise for clinical use.,1
Scientists have long wondered about Alzheimer disease. In this groundbreaking paper we show that aspirin cures it. 1830 patients were tested. All of them got better immediately.,0
It is well known that IL6 is important. In this study we confirmed that IL6 is really very important indeed. The implications are revolutionary for Parkinson disease.,0
Scientists have long wondered about asthma. In this groundbreaking paper we show that metformin cures it. 752 patients were tested. All of them got better immediately.,0
It is well known that BRCA1 is important. In this study we confirmed that BRCA1 is really very important indeed. The implications are revolutionary for Parkinson disease.,0
Background: hypertension remains a leading cause of morbidity. Methods: We performed immunohistochemistry on 196 samples. Results: Expression of PTEN correlated with disease severity (r=0.68). Conclusion: PTEN is a candidate biomarker.,1
Scientists have long wondered about chronic kidney disease. In this groundbreaking paper we show that immunotherapy cures it. 975 patients were tested. All of them got better immediately.,0
Objective: To evaluate aspirin in patients with chronic kidney disease. Methods: A randomized controlled trial enrolled 1366 participants. Results: The intervention reduced blood pressure by 9%. Conclusion: aspirin shows promise for clinical use.,1
We investigated the role of PTEN in asthma using a cohort of 806 patients. Methods included immunohistochemistry with statistical significance assessed at p<0.05. Results indicated significant upregulation in disease tissue. These findings suggest a novel therapeutic target.,1
Objective: To evaluate statin therapy in patients with type 2 diabetes. Methods: A randomized controlled trial enrolled 886 participants. Results: The intervention reduced CRP by 8%. Conclusion: statin therapy shows promise for clinical use.,1
Objective: To evaluate aspirin in patients with Parkinson disease. Methods: A randomized controlled trial enrolled 798 participants. Results: The intervention reduced CRP by 27%. Conclusion: aspirin shows promise for clinical use.,1
It is well known that TP53 is important. In this study we confirmed that TP53 is really very important indeed. The implications are revolutionary for rheumatoid arthritis.,0
Background: Parkinson disease remains a leading cause of morbidity. Methods: We performed qPCR on 1932 samples. Results: Expression of MYC correlated with disease severity (r=0.77). Conclusion: MYC is a candidate biomarker.,1
Background: type 2 diabetes remains a leading cause of morbidity. Methods: We performed RNA-seq on 1164 samples. Results: Expression of IL6 correlated with disease severity (r=0.86). Conclusion: IL6 is a candidate biomarker.,1
We investigated the role of VEGF in asthma using a cohort of 1794 patients. Methods included Western blot with statistical significance assessed at p<0.05. Results indicated a dose-dependent response. These findings suggest a novel therapeutic target.,1
We investigated the role of IL6 in breast cancer using a cohort of 1333 patients. Methods included mass spectrometry with statistical significance assessed at p<0.05. Results indicated a dose-dependent response. These findings suggest potential for clinical translation.,1
Scientists have long wondered about asthma. In this groundbreaking paper we show that tamoxifen cures it. 1727 patients were tested. All of them got better immediately.,0
Objective: To evaluate aspirin in patients with asthma. Methods: A randomized controlled trial enrolled 290 participants. Results: The intervention reduced blood pressure by 65%. Conclusion: aspirin shows promise for clinical use.,1
Objective: To evaluate metformin in patients with Parkinson disease. Methods: A randomized controlled trial enrolled 621 participants. Results: The intervention reduced CRP by 37%. Conclusion: metformin shows promise for clinical use.,1
Our study totally proves that MYC causes type 2 diabetes. We looked at 1203 people. The results were absolutely clear and significant in every way possible.,0
Our study totally proves that KRAS causes chronic kidney disease. We looked at 379 people. The results were absolutely clear and significant in every way possible.,0
Background: Alzheimer disease remains a leading cause of morbidity. Methods: We performed mass spectrometry on 1905 samples. Results: Expression of EGFR correlated with disease severity (r=0.33). Conclusion: EGFR is a candidate biomarker.,1
It is well known that MYC is important. In this study we confirmed that MYC is really very important indeed. The implications are revolutionary for Alzheimer disease.,0
Background: rheumatoid arthritis remains a leading cause of morbidity. Methods: We performed mass spectrometry on 937 samples. Results: Expression of KRAS correlated with disease severity (r=0.61). Conclusion: KRAS is a candidate biomarker.,1
Objective: To evaluate metformin in patients with breast cancer. Methods: A randomized controlled trial enrolled 1861 participants. Results: The intervention reduced CRP by 32%. Conclusion: metformin shows promise for clinical use.,1
We investigated the role of TP53 in Parkinson disease using a cohort of 1445 patients. Methods included mass spectrometry with statistical significance assessed at p<0.05. Results indicated significant upregulation in disease tissue. These findings suggest a novel therapeutic target.,1
Objective: To evaluate aspirin in patients with Parkinson disease. Methods: A randomized controlled trial enrolled 1791 participants. Results: The intervention reduced CRP by 28%. Conclusion: aspirin shows promise for clinical use.,1
Scientists have long wondered about hypertension. In this groundbreaking paper we show that metformin cures it. 961 patients were tested. All of them got better immediately.,0
We investigated the role of EGFR in chronic kidney disease using a cohort of 1730 patients. Methods included Western blot with statistical significance assessed at p<0.05. Results indicated improved survival in the treatment arm. These findings suggest potential for clinical translation.,1
Objective: To evaluate tamoxifen in patients with type 2 diabetes. Methods: A randomized controlled trial enrolled 470 participants. Results: The intervention reduced CRP by 32%. Conclusion: tamoxifen shows promise for clinical use.,1
Scientists have long wondered about type 2 diabetes. In this groundbreaking paper we show that immunotherapy cures it. 885 patients were tested. All of them got better immediately.,0
Background: asthma remains a leading cause of morbidity. Methods: We performed mass spectrometry on 1175 samples. Results: Expression of TNF correlated with disease severity (r=0.74). Conclusion: TNF is a candidate biomarker.,1
Our study totally proves that BRCA1 causes type 2 diabetes. We looked at 941 people. The results were absolutely clear and significant in every way possible.,0
We investigated the role of VEGF in type 2 diabetes using a cohort of 805 patients. Methods included mass spectrometry with statistical significance assessed at p<0.05. Results indicated a dose-dependent response. These findings suggest a novel therapeutic target.,1
We investigated the role of MYC in rheumatoid arthritis using a cohort of 55 patients. Methods included immunohistochemistry with statistical significance assessed at p<0.05. Results indicated significant upregulation in disease tissue. These findings suggest the need for further mechanistic study.,1
Objective: To evaluate immunotherapy in patients with type 2 diabetes. Methods: A randomized controlled trial enrolled 1195 participants. Results: The intervention reduced blood pressure by 47%. Conclusion: immunotherapy shows promise for clinical use.,1
Scientists have long wondered about rheumatoid arthritis. In this groundbreaking paper we show that metformin cures it. 1162 patients were tested. All of them got better immediately.,0
Objective: To evaluate aspirin in patients with asthma. Methods: A randomized controlled trial enrolled 1586 participants. Results: The intervention reduced blood pressure by 37%. Conclusion: aspirin shows promise for clinical use.,1
Our study totally proves that IL6 causes rheumatoid arthritis. We looked at 731 people. The results were absolutely clear and significant in every way possible.,0
Scientists have long wondered about rheumatoid arthritis. In this groundbreaking paper we show that immunotherapy cures it. 1705 patients were tested. All of them got better immediately.,0
Our study totally proves that TP53 causes rheumatoid arthritis. We looked at 1929 people. The results were absolutely clear and significant in every way possible.,0
We investigated the role of TP53 in hypertension using a cohort of 1168 patients. Methods included RNA-seq with statistical significance assessed at p<0.05. Results indicated significant upregulation in disease tissue. These findings suggest a novel therapeutic target.,1
Background: Parkinson disease remains a leading cause of morbidity. Methods: We performed immunohistochemistry on 363 samples. Results: Expression of TP53 correlated with disease severity (r=0.57). Conclusion: TP53 is a candidate biomarker.,1
Objective: To evaluate immunotherapy in patients with rheumatoid arthritis. Methods: A randomized controlled trial enrolled 56 participants. Results: The intervention reduced CRP by 47%. Conclusion: immunotherapy shows promise for clinical use.,1
Scientists have long wondered about type 2 diabetes. In this groundbreaking paper we show that tamoxifen cures it. 1419 patients were tested. All of them got better immediately.,0
We investigated the role of VEGF in hypertension using a cohort of 691 patients. Methods included mass spectrometry with statistical significance assessed at p<0.05. Results indicated a dose-dependent response. These findings suggest potential for clinical translation.,1
We investigated the role of TNF in rheumatoid arthritis using a cohort of 1844 patients. Methods included RNA-seq with statistical significance assessed at p<0.05. Results indicated a dose-dependent response. These findings suggest a novel therapeutic target.,1
Our study totally proves that EGFR causes hypertension. We looked at 1170 people. The results were absolutely clear and significant in every way possible.,0
It is well known that TNF is important. In this study we confirmed that TNF is really very important indeed. The implications are revolutionary for chronic kidney disease.,0
Our study totally proves that KRAS causes chronic kidney disease. We looked at 97 people. The results were absolutely clear and significant in every way possible.,0
It is well known that PTEN is important. In this study we confirmed that PTEN is really very important indeed. The implications are revolutionary for Alzheimer disease.,0
It is well known that MYC is important. In this study we confirmed that MYC is really very important indeed. The implications are revolutionary for breast cancer.,0
It is well known that BRCA1 is important. In this study we confirmed that BRCA1 is really very important indeed. The implications are revolutionary for Alzheimer disease.,0
Our study totally proves that PTEN causes chronic kidney disease. We looked at 1834 people. The results were absolutely clear and significant in every way possible.,0
Scientists have long wondered about rheumatoid arthritis. In this groundbreaking paper we show that statin therapy cures it. 117 patients were tested. All of them got better immediately.,0
Objective: To evaluate tamoxifen in patients with rheumatoid arthritis. Methods: A randomized controlled trial enrolled 1526 participants. Results: The intervention reduced blood pressure by 24%. Conclusion: tamoxifen shows promise for clinical use.,1
Scientists have long wondered about type 2 diabetes. In this groundbreaking paper we show that tamoxifen cures it. 1877 patients were tested. All of them got better immediately.,0
Our study totally proves that EGFR causes hypertension. We looked at 1396 people. The results were absolutely clear and significant in every way possible.,0
It is well known that BRCA1 is important. In this study we confirmed that BRCA1 is really very important indeed. The implications are revolutionary for rheumatoid arthritis.,0
Objective: To evaluate aspirin in patients with chronic kidney disease. Methods: A randomized controlled trial enrolled 1411 participants. Results: The intervention reduced CRP by 50%. Conclusion: aspirin shows promise for clinical use.,1
Scientists have long wondered about Alzheimer disease. In this groundbreaking paper we show that aspirin cures it. 1900 patients were tested. All of them got better immediately.,0
Our study totally proves that PTEN causes rheumatoid arthritis. We looked at 1646 people. The results were absolutely clear and significant in every way possible.,0
It is well known that KRAS is important. In this study we confirmed that KRAS is really very important indeed. The implications are revolutionary for Parkinson disease.,0
Objective: To evaluate tamoxifen in patients with rheumatoid arthritis. Methods: A randomized controlled trial enrolled 1568 participants. Results: The intervention reduced HbA1c by 60%. Conclusion: tamoxifen shows promise for clinical use.,1
Objective: To evaluate aspirin in patients with chronic kidney disease. Methods: A randomized controlled trial enrolled 680 participants. Results: The intervention reduced CRP by 60%. Conclusion: aspirin shows promise for clinical use.,1
Scientists have long wondered about asthma. In this groundbreaking paper we show that tamoxifen cures it. 967 patients were tested. All of them got better immediately.,0
We investigated the role of TNF in Parkinson disease using a cohort of 415 patients. Methods included RNA-seq with statistical significance assessed at p<0.05. Results indicated a dose-dependent response. These findings suggest potential for clinical translation.,1
Objective: To evaluate aspirin in patients with rheumatoid arthritis. Methods: A randomized controlled trial enrolled 88 participants. Results: The intervention reduced CRP by 47%. Conclusion: aspirin shows promise for clinical use.,1
Background: Alzheimer disease remains a leading cause of morbidity. Methods: We performed Western blot on 374 samples. Results: Expression of BRCA1 correlated with disease severity (r=0.53). Conclusion: BRCA1 is a candidate biomarker.,1
It is well known that TP53 is important. In this study we confirmed that TP53 is really very important indeed. The implications are revolutionary for type 2 diabetes.,0
Objective: To evaluate tamoxifen in patients with chronic kidney disease. Methods: A randomized controlled trial enrolled 68 participants. Results: The intervention reduced CRP by 50%. Conclusion: tamoxifen shows promise for clinical use.,1
Our study totally proves that TP53 causes hypertension. We looked at 143 people. The results were absolutely clear and significant in every way possible.,0
Objective: To evaluate aspirin in patients with Alzheimer disease. Methods: A randomized controlled trial enrolled 748 participants. Results: The intervention reduced CRP by 65%. Conclusion: aspirin shows promise for clinical use.,1
We investigated the role of MYC in type 2 diabetes using a cohort of 1175 patients. Methods included mass spectrometry with statistical significance assessed at p<0.05. Results indicated a dose-dependent response. These findings suggest a novel therapeutic target.,1
Objective: To evaluate immunotherapy in patients with asthma. Methods: A randomized controlled trial enrolled 147 participants. Results: The intervention reduced CRP by 55%. Conclusion: immunotherapy shows promise for clinical use.,1
Our study totally proves that EGFR causes Alzheimer disease. We looked at 1802 people. The results were absolutely clear and significant in every way possible.,0
Scientists have long wondered about chronic kidney disease. In this groundbreaking paper we show that tamoxifen cures it. 131 patients were tested. All of them got better immediately.,0
Objective: To evaluate metformin in patients with rheumatoid arthritis. Methods: A randomized controlled trial enrolled 93 participants. Results: The intervention reduced blood pressure by 52%. Conclusion: metformin shows promise for clinical use.,1
Objective: To evaluate tamoxifen in patients with asthma. Methods: A randomized controlled trial enrolled 1963 participants. Results: The intervention reduced CRP by 6%. Conclusion: tamoxifen shows promise for clinical use.,1
Background: Parkinson disease remains a leading cause of morbidity. Methods: We performed immunohistochemistry on 1283 samples. Results: Expression of TP53 correlated with disease severity (r=0.51). Conclusion: TP53 is a candidate biomarker.,1
Scientists have long wondered about asthma. In this groundbreaking paper we show that tamoxifen cures it. 1255 patients were tested. All of them got better immediately.,0
Background: hypertension remains a leading cause of morbidity. Methods: We performed RNA-seq on 90 samples. Results: Expression of MYC correlated with disease severity (r=0.45). Conclusion: MYC is a candidate biomarker.,1
Scientists have long wondered about Parkinson disease. In this groundbreaking paper we show that tamoxifen cures it. 1806 patients were tested. All of them got better immediately.,0
It is well known that VEGF is important. In this study we confirmed that VEGF is really very important indeed. The implications are revolutionary for Alzheimer disease.,0
Our study totally proves that TP53 causes breast cancer. We looked at 294 people. The results were absolutely clear and significant in every way possible.,0
Background: hypertension remains a leading cause of morbidity. Methods: We performed mass spectrometry on 1968 samples. Results: Expression of BRCA1 correlated with disease severity (r=0.64). Conclusion: BRCA1 is a candidate biomarker.,1
Scientists have long wondered about Alzheimer disease. In this groundbreaking paper we show that aspirin cures it. 1795 patients were tested. All of them got better immediately.,0
Our study totally proves that BRCA1 causes rheumatoid arthritis. We looked at 1150 people. The results were absolutely clear and significant in every way possible.,0
Scientists have long wondered about type 2 diabetes. In this groundbreaking paper we show that statin therapy cures it. 104 patients were tested. All of them got better immediately.,0
It is well known that EGFR is important. In this study we confirmed that EGFR is really very important indeed. The implications are revolutionary for hypertension.,0
Our study totally proves that MYC causes hypertension. We looked at 1504 people. The results were absolutely clear and significant in every way possible.,0
Scientists have long wondered about Parkinson disease. In this groundbreaking paper we show that aspirin cures it. 209 patients were tested. All of them got better immediately.,0
Objective: To evaluate aspirin in patients with rheumatoid arthritis. Methods: A randomized controlled trial enrolled 1079 participants. Results: The intervention reduced CRP by 63%. Conclusion: aspirin shows promise for clinical use.,1
Background: type 2 diabetes remains a leading cause of morbidity. Methods: We performed RNA-seq on 1823 samples. Results: Expression of IL6 correlated with disease severity (r=0.88). Conclusion: IL6 is a candidate biomarker.,1
Background: rheumatoid arthritis remains a leading cause of morbidity. Methods: We performed Western blot on 1775 samples. Results: Expression of IL6 correlated with disease severity (r=0.56). Conclusion: IL6 is a candidate biomarker.,1
Objective: To evaluate statin therapy in patients with asthma. Methods: A randomized controlled trial enrolled 189 participants. Results: The intervention reduced blood pressure by 49%. Conclusion: statin therapy shows promise for clinical use.,1
Objective: To evaluate statin therapy in patients with Parkinson disease. Methods: A randomized controlled trial enrolled 728 participants. Results: The intervention reduced blood pressure by 47%. Conclusion: statin therapy shows promise for clinical use.,1
It is well known that TNF is important. In this study we confirmed that TNF is really very important indeed. The implications are revolutionary for asthma.,0
Background: rheumatoid arthritis remains a leading cause of morbidity. Methods: We performed Western blot on 283 samples. Results: Expression of IL6 correlated with disease severity (r=0.89). Conclusion: IL6 is a candidate biomarker.,1
It is well known that KRAS is important. In this study we confirmed that KRAS is really very important indeed. The implications are revolutionary for type 2 diabetes.,0
Objective: To evaluate metformin in patients with rheumatoid arthritis. Methods: A randomized controlled trial enrolled 1660 participants. Results: The intervention reduced CRP by 17%. Conclusion: metformin shows promise for clinical use.,1
We investigated the role of TNF in type 2 diabetes using a cohort of 129 patients. Methods included mass spectrometry with statistical significance assessed at p<0.05. Results indicated a dose-dependent response. These findings suggest potential for clinical translation.,1
Our study totally proves that MYC causes rheumatoid arthritis. We looked at 1261 people. The results were absolutely clear and significant in every way possible.,0
We investigated the role of TP53 in type 2 diabetes using a cohort of 380 patients. Methods included qPCR with statistical significance assessed at p<0.05. Results indicated a dose-dependent response. These findings suggest a novel therapeutic target.,1
Scientists have long wondered about chronic kidney disease. In this groundbreaking paper we show that tamoxifen cures it. 1644 patients were tested. All of them got better immediately.,0
Objective: To evaluate aspirin in patients with chronic kidney disease. Methods: A randomized controlled trial enrolled 1083 participants. Results: The intervention reduced HbA1c by 36%. Conclusion: aspirin shows promise for clinical use.,1
It is well known that MYC is important. In this study we confirmed that MYC is really very important indeed. The implications are revolutionary for Parkinson disease.,0
We investigated the role of MYC in hypertension using a cohort of 667 patients. Methods included mass spectrometry with statistical significance assessed at p<0.05. Results indicated improved survival in the treatment arm. These findings suggest potential for clinical translation.,1
Scientists have long wondered about Alzheimer disease. In this groundbreaking paper we show that aspirin cures it. 922 patients were tested. All of them got better immediately.,0
Background: hypertension remains a leading cause of morbidity. Methods: We performed Western blot on 673 samples. Results: Expression of IL6 correlated with disease severity (r=0.77). Conclusion: IL6 is a candidate biomarker.,1
Scientists have long wondered about rheumatoid arthritis. In this groundbreaking paper we show that tamoxifen cures it. 273 patients were tested. All of them got better immediately.,0
It is well known that TP53 is important. In this study we confirmed that TP53 is really very important indeed. The implications are revolutionary for Parkinson disease.,0
Our study totally proves that KRAS causes Alzheimer disease. We looked at 652 people. The results were absolutely clear and significant in every way possible.,0
Objective: To evaluate tamoxifen in patients with breast cancer. Methods: A randomized controlled trial enrolled 1318 participants. Results: The intervention reduced CRP by 45%. Conclusion: tamoxifen shows promise for clinical use.,1
Background: Alzheimer disease remains a leading cause of morbidity. Methods: We performed immunohistochemistry on 186 samples. Results: Expression of KRAS correlated with disease severity (r=0.4). Conclusion: KRAS is a candidate biomarker.,1
Scientists have long wondered about Alzheimer disease. In this groundbreaking paper we show that statin therapy cures it. 1337 patients were tested. All of them got better immediately.,0
Objective: To evaluate aspirin in patients with breast cancer. Methods: A randomized controlled trial enrolled 995 participants. Results: The intervention reduced LDL-C by 12%. Conclusion: aspirin shows promise for clinical use.,1
Background: Parkinson disease remains a leading cause of morbidity. Methods: We performed qPCR on 752 samples. Results: Expression of VEGF correlated with disease severity (r=0.5). Conclusion: VEGF is a candidate biomarker.,1
Our study totally proves that VEGF causes Alzheimer disease. We looked at 1488 people. The results were absolutely clear and significant in every way possible.,0
Objective: To evaluate immunotherapy in patients with asthma. Methods: A randomized controlled trial enrolled 1570 participants. Results: The intervention reduced LDL-C by 52%. Conclusion: immunotherapy shows promise for clinical use.,1
We investigated the role of IL6 in Parkinson disease using a cohort of 959 patients. Methods included Western blot with statistical significance assessed at p<0.05. Results indicated improved survival in the treatment arm. These findings suggest the need for further mechanistic study.,1
It is well known that BRCA1 is important. In this study we confirmed that BRCA1 is really very important indeed. The implications are revolutionary for chronic kidney disease.,0
Background: Parkinson disease remains a leading cause of morbidity. Methods: We performed Western blot on 921 samples. Results: Expression of MYC correlated with disease severity (r=0.78). Conclusion: MYC is a candidate biomarker.,1
Background: Parkinson disease remains a leading cause of morbidity. Methods: We performed immunohistochemistry on 59 samples. Results: Expression of MYC correlated with disease severity (r=0.67). Conclusion: MYC is a candidate biomarker.,1
Scientists have long wondered about breast cancer. In this groundbreaking paper we show that immunotherapy cures it. 1325 patients were tested. All of them got better immediately.,0
Objective: To evaluate aspirin in patients with rheumatoid arthritis. Methods: A randomized controlled trial enrolled 2000 participants. Results: The intervention reduced HbA1c by 53%. Conclusion: aspirin shows promise for clinical use.,1
We investigated the role of TNF in type 2 diabetes using a cohort of 308 patients. Methods included immunohistochemistry with statistical significance assessed at p<0.05. Results indicated significant upregulation in disease tissue. These findings suggest potential for clinical translation.,1
It is well known that MYC is important. In this study we confirmed that MYC is really very important indeed. The implications are revolutionary for hypertension.,0
Our study totally proves that PTEN causes hypertension. We looked at 1958 people. The results were absolutely clear and significant in every way possible.,0
We investigated the role of TP53 in type 2 diabetes using a cohort of 297 patients. Methods included immunohistochemistry with statistical significance assessed at p<0.05. Results indicated improved survival in the treatment arm. These findings suggest a novel therapeutic target.,1
